{
  "nodePos": {
    "authentication": {
      "x": 100,
      "y": 132
    },
    "product-browsing": {
      "x": 562.7428949107733,
      "y": -298.14805023132845
    },
    "cart-management": {
      "x": 978,
      "y": 100
    },
    "order-processing": {
      "x": 1454,
      "y": 100
    },
    "order-confirmation": {
      "x": 1930,
      "y": 132
    },
    "__start__": {
      "x": -242,
      "y": 132
    }
  }
}