{
  "nodePos": {
    "payment-pending": {
      "x": 576,
      "y": 100
    },
    "process-payment": {
      "x": 197.77245233324413,
      "y": 943.8317187674493
    },
    "payment-failed-state": {
      "x": 100,
      "y": 596
    },
    "payment-retry": {
      "x": 558.3620545073376,
      "y": 494.51910578938885
    },
    "payment-success-state": {
      "x": 1303.230607966457,
      "y": 868.1132075471698
    },
    "payment-cancelled": {
      "x": 346.26205450733755,
      "y": 308.8553459119497
    },
    "__start__": {
      "x": 264,
      "y": 132
    }
  }
}