{
  "nodePos": {
    "payment-configuration": {
      "x": 527.7790178571428,
      "y": 93.71205357142856
    },
    "payment-active": {
      "x": 948,
      "y": 387
    },
    "payment-deactive": {
      "x": 100,
      "y": 387
    },
    "payment-cycle-check": {
      "x": 1424,
      "y": 387
    },
    "payment-finished": {
      "x": 1424,
      "y": 667
    },
    "payment-terminated": {
      "x": 551.7423312883435,
      "y": 706.2106339468303
    },
    "__start__": {
      "x": 344,
      "y": -224
    }
  }
}